"LinkID","Node1","Node2","Capacity","Distance","MaxSpeed","Congestion","BasisFlow","EstFlow","Speed","TravelTime","Delay"
1,"a","b",2000,250,40,0.9000000000000002,0.3333333333333334,1800.0000000000005,3.68952635705391,67.75937500000006,61.50937500000006
2,"b","c",2000,250,40,0.9000000000000001,0.33333333333333337,1800.0000000000002,3.689526357053911,67.75937500000003,61.509375000000034
3,"c","a",2000,250,40,0.9000000000000001,0.33333333333333337,1800.0000000000002,3.689526357053911,67.75937500000003,61.509375000000034
