"LinkID","Node1","Node2","Capacity","Distance","MaxSpeed","BasisFlow","Congestion","EstFlow","Speed","TravelTime","Delay"
1,"a","b",2000,250,40,0.3333333333333334,0.8250000000000003,1650.0000000000007,5.0322340637526,49.67972412109381,43.42972412109381
2,"b","c",2000,250,40,0.33333333333333337,0.8250000000000002,1650.0000000000005,5.032234063752602,49.67972412109379,43.42972412109379
3,"c","a",2000,250,40,0.33333333333333337,0.8250000000000002,1650.0000000000005,5.032234063752602,49.67972412109379,43.42972412109379
