"LinkID","Node1","Node2","Capacity","Distance","MaxSpeed","Congestion","BasisFlow","EstFlow","Speed","TravelTime","Delay"
1,1,2,2000,250,40,0.3583333333333334,0.33333333333333337,716.6666666666667,32.06903565145824,7.795681875723382,1.545681875723382
2,2,3,2000,250,40,0.3583333333333334,0.33333333333333337,716.6666666666667,32.06903565145824,7.795681875723382,1.545681875723382
3,3,1,2000,250,40,0.35833333333333345,0.3333333333333334,716.6666666666669,32.06903565145824,7.795681875723382,1.545681875723382
