"LinkID","Node1","Node2","Capacity","Distance","MaxSpeed","Congestion","BasisFlow","EstFlow","Speed","TravelTime","Delay"
1,1,2,2000,250,40,0.8999999999999998,0.33333333333333337,1799.9999999999995,3.689526357053916,67.75937499999995,61.50937499999995
2,2,3,2000,250,40,0.8999999999999998,0.33333333333333337,1799.9999999999995,3.689526357053916,67.75937499999995,61.50937499999995
3,3,1,2000,250,40,0.9,0.3333333333333334,1800.0,3.689526357053913,67.759375,61.509375000000006
