"LinkID","Node1","Node2","Capacity","Distance","MaxSpeed","Congestion","BasisFlow","EstFlow","Speed","TravelTime","Delay"
1,"a","b",2000,250,40,2.500000000000001,0.3333333333333334,5000.000000000002,0.06815035672452338,3668.3593750000055,3662.1093750000055
2,"b","c",2000,250,40,2.5000000000000004,0.33333333333333337,5000.000000000001,0.06815035672452342,3668.3593750000027,3662.1093750000027
3,"c","a",2000,250,40,2.5000000000000004,0.33333333333333337,5000.000000000001,0.06815035672452342,3668.3593750000027,3662.1093750000027
