"LinkID","Node1","Node2","Capacity","Distance","MaxSpeed","Congestion","BasisFlow","EstFlow","Speed","TravelTime","Delay"
1,1,2,2000,250,40,0.9,0.33333333333333337,1800.0,3.689526357053913,67.759375,61.509375000000006
2,2,3,3000,500,60,0.6,0.33333333333333337,1800.0,20.380434782608695,24.533333333333335,16.200000000000003
3,3,1,3000,750,30,0.6000000000000001,0.3333333333333334,1800.0000000000002,10.190217391304344,73.60000000000002,48.60000000000002
